market,model,Pinball,MAE,PICP_alpha_0.2,Kupiec_passed_alpha_0.2,Winkler_alpha_0.2,PICP_alpha_0.4,Kupiec_passed_alpha_0.4,Winkler_alpha_0.4,PICP_alpha_0.6,Kupiec_passed_alpha_0.6,Winkler_alpha_0.6,PICP_alpha_0.8,Kupiec_passed_alpha_0.8,Winkler_alpha_0.8
DE_price,CP,1.549,3.799,79.00,24,20.27,59.00,24,14.43,40.00,24,11.39,20.00,24,9.27
DE_price,QRA,1.557,3.794,78.00,6,20.62,59.00,5,14.57,39.00,9,11.45,20.00,10,9.28
DE_price,Norm,1.489,3.758,78.00,10,18.07,60.00,15,13.68,40.00,18,11.08,20.00,22,9.13
DE_price,Jsu,1.467,3.724,74.00,5,17.52,54.00,5,13.45,35.00,8,10.94,17.00,14,9.04
DE_price,Stu,1.473,3.725,75.00,6,17.77,54.00,6,13.51,35.00,10,10.97,18.00,15,9.05
DE_price,QR,1.474,3.726,75.00,9,17.71,54.00,5,13.52,35.00,8,11.00,18.00,18,9.06
DE_price,CQN,1.483,3.755,79.00,22,17.99,60.00,23,13.62,40.00,22,11.03,20.00,22,9.09
DE_price,CQJ,1.457,3.720,77.00,13,17.30,57.00,19,13.36,38.00,19,10.88,19.00,24,8.97
DE_price,CQS,1.463,3.718,78.00,18,17.53,57.00,17,13.40,38.00,20,10.91,19.00,23,9.00
DE_price,CQR,1.462,3.717,78.00,19,17.50,57.00,19,13.41,38.00,22,10.91,19.00,24,9.00
DE_price,OCQN,1.480,3.745,81.00,24,17.98,61.00,24,13.58,41.00,24,11.02,22.00,23,9.06
DE_price,OCQJ,1.450,3.700,80.00,24,17.18,60.00,24,13.30,40.00,24,10.83,21.00,23,8.92
DE_price,OCQS,1.456,3.704,80.00,24,17.42,61.00,24,13.34,40.00,24,10.86,21.00,20,8.96
DE_price,OCQR,1.459,3.704,80.00,24,17.45,60.00,24,13.40,40.00,24,10.89,21.00,23,8.97
MGP_CNOR,CP,1.963,4.918,79.00,24,24.30,60.00,24,18.13,41.00,24,14.56,20.00,24,11.96
MGP_CNOR,QRA,1.979,4.952,76.00,10,24.64,55.00,9,18.32,35.00,10,14.66,18.00,17,12.03
MGP_CNOR,Norm,2.007,5.047,85.00,9,24.65,67.00,7,18.50,47.00,9,14.90,23.00,16,12.27
MGP_CNOR,Jsu,1.925,4.851,78.00,17,23.60,58.00,17,17.71,38.00,23,14.29,19.00,18,11.78
MGP_CNOR,Stu,1.952,4.908,79.00,18,24.18,58.00,19,17.97,38.00,21,14.46,19.00,21,11.91
MGP_CNOR,QR,1.927,4.830,75.00,9,23.87,55.00,12,17.79,36.00,19,14.29,18.00,20,11.75
MGP_CNOR,CQN,1.989,5.046,82.00,23,24.30,63.00,22,18.25,42.00,21,14.75,21.00,22,12.18
MGP_CNOR,CQJ,1.920,4.848,78.00,19,23.59,58.00,22,17.68,38.00,23,14.23,19.00,24,11.72
MGP_CNOR,CQS,1.943,4.906,79.00,22,23.94,59.00,23,17.88,39.00,24,14.39,19.00,23,11.87
MGP_CNOR,CQR,1.922,4.828,77.00,17,23.70,57.00,20,17.74,38.00,23,14.26,19.00,23,11.72
MGP_CNOR,OCQN,1.981,5.025,81.00,24,24.20,60.00,24,18.22,40.00,24,14.71,21.00,23,12.11
MGP_CNOR,OCQJ,1.913,4.825,79.00,22,23.48,59.00,23,17.62,39.00,24,14.20,20.00,24,11.69
MGP_CNOR,OCQS,1.935,4.886,79.00,22,23.82,59.00,24,17.82,39.00,24,14.34,20.00,24,11.82
MGP_CNOR,OCQR,1.918,4.815,78.00,22,23.57,59.00,24,17.69,39.00,24,14.25,20.00,24,11.70
MGP_CSUD,CP,1.994,4.992,79.00,23,24.88,58.00,23,18.38,39.00,24,14.78,20.00,24,12.14
MGP_CSUD,QRA,1.996,4.982,77.00,10,25.07,55.00,7,18.45,36.00,9,14.77,18.00,14,12.12
MGP_CSUD,Norm,2.050,5.127,83.00,12,25.42,67.00,10,18.96,46.00,11,15.21,24.00,16,12.47
MGP_CSUD,Jsu,1.977,4.949,77.00,11,24.60,58.00,14,18.27,38.00,15,14.64,19.00,20,12.03
MGP_CSUD,Stu,1.990,4.966,78.00,16,25.04,57.00,17,18.40,38.00,19,14.73,19.00,20,12.07
MGP_CSUD,QR,1.976,4.934,75.00,6,24.66,55.00,13,18.29,37.00,13,14.62,18.00,20,12.00
MGP_CSUD,CQN,2.033,5.124,81.00,18,24.92,61.00,20,18.73,42.00,21,15.10,21.00,23,12.42
MGP_CSUD,CQJ,1.964,4.942,76.00,16,24.36,57.00,16,18.17,37.00,16,14.55,19.00,24,11.93
MGP_CSUD,CQS,1.968,4.958,78.00,20,24.37,57.00,17,18.13,37.00,20,14.59,19.00,24,11.99
MGP_CSUD,CQR,1.963,4.927,77.00,17,24.14,56.00,18,18.15,37.00,21,14.57,19.00,24,11.97
MGP_CSUD,OCQN,2.028,5.111,81.00,23,24.88,60.00,24,18.71,40.00,24,15.04,21.00,24,12.38
MGP_CSUD,OCQJ,1.962,4.933,78.00,20,24.24,58.00,21,18.12,38.00,24,14.54,20.00,24,11.96
MGP_CSUD,OCQS,1.970,4.949,79.00,22,24.36,58.00,23,18.14,39.00,24,14.61,20.00,24,12.03
MGP_CSUD,OCQR,1.964,4.927,78.00,23,24.09,58.00,24,18.14,39.00,24,14.59,20.00,24,11.99
MGP_NORD,CP,1.847,4.655,81.00,24,22.64,62.00,22,16.95,43.00,23,13.71,22.00,24,11.31
MGP_NORD,QRA,1.861,4.659,78.00,12,23.07,57.00,12,17.19,38.00,13,13.79,18.00,16,11.34
MGP_NORD,Norm,1.855,4.705,84.00,10,22.36,66.00,9,17.02,45.00,11,13.80,22.00,18,11.41
MGP_NORD,Jsu,1.823,4.609,77.00,15,22.08,57.00,19,16.73,38.00,20,13.56,19.00,22,11.19
MGP_NORD,Stu,1.809,4.581,79.00,19,21.94,57.00,19,16.56,37.00,18,13.45,18.00,22,11.11
MGP_NORD,QR,1.806,4.547,73.00,6,22.07,53.00,6,16.58,34.00,9,13.43,17.00,17,11.06
MGP_NORD,CQN,1.852,4.705,82.00,23,22.25,63.00,22,16.96,42.00,22,13.78,21.00,23,11.41
MGP_NORD,CQJ,1.827,4.608,79.00,23,22.16,59.00,24,16.78,39.00,24,13.60,20.00,24,11.22
MGP_NORD,CQS,1.810,4.580,79.00,24,21.84,59.00,24,16.60,39.00,24,13.48,19.00,24,11.13
MGP_NORD,CQR,1.804,4.547,77.00,19,21.89,57.00,21,16.54,38.00,22,13.45,19.00,24,11.08
MGP_NORD,OCQN,1.850,4.700,81.00,23,22.21,61.00,24,16.94,41.00,24,13.78,21.00,22,11.39
MGP_NORD,OCQJ,1.822,4.601,80.00,24,22.07,60.00,24,16.73,40.00,24,13.57,21.00,24,11.19
MGP_NORD,OCQS,1.804,4.565,80.00,24,21.80,60.00,24,16.52,40.00,24,13.44,21.00,24,11.10
MGP_NORD,OCQR,1.803,4.543,80.00,24,21.79,60.00,24,16.53,40.00,24,13.46,21.00,24,11.08
MGP_SARD,CP,2.258,5.653,78.00,23,28.14,58.00,23,20.84,38.00,24,16.73,19.00,23,13.75
MGP_SARD,QRA,2.261,5.624,76.00,9,28.53,55.00,10,20.93,35.00,12,16.73,17.00,16,13.70
MGP_SARD,Norm,2.282,5.745,83.00,17,27.92,64.00,13,21.01,45.00,14,16.95,23.00,16,13.96
MGP_SARD,Jsu,2.262,5.632,76.00,12,28.46,56.00,16,20.97,37.00,18,16.73,18.00,21,13.71
MGP_SARD,Stu,2.234,5.584,77.00,15,28.09,56.00,16,20.59,36.00,14,16.52,18.00,17,13.57
MGP_SARD,QR,2.275,5.672,71.00,3,28.58,51.00,6,21.00,33.00,8,16.85,17.00,16,13.81
MGP_SARD,CQN,2.266,5.741,80.00,22,27.56,61.00,21,20.82,41.00,21,16.84,20.00,23,13.88
MGP_SARD,CQJ,2.252,5.627,77.00,15,28.26,56.00,19,20.86,37.00,21,16.66,19.00,24,13.63
MGP_SARD,CQS,2.218,5.580,78.00,20,27.61,56.00,20,20.42,37.00,19,16.41,18.00,23,13.51
MGP_SARD,CQR,2.255,5.654,75.00,5,27.89,55.00,9,20.79,36.00,14,16.74,19.00,24,13.74
MGP_SARD,OCQN,2.267,5.727,80.00,24,27.55,60.00,24,20.83,40.00,24,16.86,20.00,24,13.90
MGP_SARD,OCQJ,2.254,5.617,78.00,23,28.21,58.00,24,20.88,39.00,24,16.70,20.00,24,13.67
MGP_SARD,OCQS,2.221,5.575,78.00,23,27.54,58.00,24,20.45,39.00,24,16.45,20.00,24,13.55
MGP_SARD,OCQR,2.251,5.647,78.00,21,27.66,58.00,24,20.71,38.00,24,16.75,20.00,24,13.76
MGP_SICI,CP,4.433,10.911,79.00,24,56.78,59.00,24,41.45,40.00,24,32.75,20.00,23,26.62
MGP_SICI,QRA,4.440,10.863,79.00,5,57.86,58.00,6,41.58,39.00,10,32.70,20.00,12,26.54
MGP_SICI,Norm,4.646,11.406,70.00,2,60.44,54.00,10,43.35,37.00,19,34.22,19.00,22,27.83
MGP_SICI,Jsu,4.396,10.979,72.00,1,54.65,52.00,5,40.66,35.00,13,32.61,18.00,21,26.72
MGP_SICI,Stu,4.428,10.987,71.00,3,56.10,52.00,4,41.13,34.00,10,32.74,17.00,17,26.75
MGP_SICI,QR,4.341,10.863,75.00,10,53.78,56.00,15,40.09,37.00,20,32.23,19.00,22,26.43
MGP_SICI,CQN,4.581,11.398,75.00,9,58.37,58.00,20,42.85,39.00,23,33.83,20.00,24,27.43
MGP_SICI,CQJ,4.346,10.958,76.00,14,53.63,56.00,15,40.11,37.00,21,32.28,20.00,24,26.42
MGP_SICI,CQS,4.362,10.960,76.00,13,54.33,56.00,15,40.39,37.00,23,32.30,19.00,24,26.43
MGP_SICI,CQR,4.295,10.842,77.00,17,52.71,57.00,21,39.55,39.00,24,31.91,20.00,23,26.20
MGP_SICI,OCQN,4.584,11.357,79.00,23,58.14,62.00,23,43.02,43.00,22,33.91,23.00,20,27.47
MGP_SICI,OCQJ,4.348,10.896,78.00,22,53.55,59.00,23,40.25,40.00,24,32.33,22.00,23,26.44
MGP_SICI,OCQS,4.360,10.894,77.00,21,54.23,59.00,24,40.39,40.00,24,32.36,22.00,19,26.47
MGP_SICI,OCQR,4.302,10.811,78.00,21,52.74,60.00,24,39.66,40.00,24,32.01,22.00,24,26.27
MGP_SUD,CP,2.176,5.414,78.00,22,27.48,57.00,21,20.18,38.00,23,16.09,19.00,24,13.17
MGP_SUD,QRA,2.170,5.407,79.00,10,27.21,58.00,9,20.12,37.00,11,16.07,18.00,16,13.16
MGP_SUD,Norm,2.209,5.528,81.00,11,27.37,64.00,13,20.45,44.00,16,16.39,22.00,17,13.44
MGP_SUD,Jsu,2.164,5.440,75.00,7,26.62,56.00,8,19.93,36.00,9,16.07,18.00,19,13.22
MGP_SUD,Stu,2.178,5.447,74.00,6,27.18,54.00,7,20.12,34.00,8,16.13,17.00,15,13.24
MGP_SUD,QR,2.130,5.384,74.00,5,26.00,55.00,8,19.60,36.00,7,15.80,18.00,18,13.05
MGP_SUD,CQN,2.184,5.525,80.00,18,26.86,60.00,19,20.09,40.00,21,16.19,20.00,22,13.33
MGP_SUD,CQJ,2.138,5.426,76.00,13,26.18,56.00,16,19.66,36.00,15,15.85,18.00,22,13.06
MGP_SUD,CQS,2.152,5.444,76.00,12,26.60,56.00,14,19.79,35.00,13,15.93,18.00,22,13.12
MGP_SUD,CQR,2.110,5.373,76.00,12,25.45,57.00,18,19.35,36.00,17,15.68,18.00,23,12.98
MGP_SUD,OCQN,2.185,5.511,79.00,23,26.76,59.00,24,20.09,39.00,24,16.24,21.00,24,13.37
MGP_SUD,OCQJ,2.136,5.409,78.00,20,26.07,57.00,23,19.60,38.00,24,15.87,21.00,24,13.07
MGP_SUD,OCQS,2.150,5.431,77.00,15,26.45,58.00,23,19.76,38.00,24,15.94,20.00,24,13.14
MGP_SUD,OCQR,2.109,5.368,78.00,19,25.26,58.00,24,19.32,38.00,24,15.69,20.00,23,12.99
